label,serial,detector_model,location,configuration
PGM001,M03140482221,MicroRAE,FS09,Standard
PGM002,M03140483421,MicroRAE,Burnley,Standard
PGM003,M03140478221,MicroRAE,EVIE,Standard
PGM004,M03140482121,MicroRAE,Burnley,Standard
PGM005,Unknown,MicroRAE,Unknown,Standard
PGM006,M03140483021,MicroRAE,Northern,Standard
PGM007,M03140483721,MicroRAE,Burnley,Standard
PGM008,M03140424621,MicroRAE,Burnley,Standard
PGM009,M03140421421,MicroRAE,ST12,Standard
PGM010,M03140417521,MicroRAE,Burnley,Standard
PGM011,M03140435521,MicroRAE,Burnley,Standard
PGM012,M03140453821,MicroRAE,Central,Standard
PGM013,M03140476821,MicroRAE,Burnley,Standard
PGM014,M03140428621,MicroRAE,FS44,Standard
PGM015,M03140419621,MicroRAE,FS44,Standard
PGM016,M03140415621,MicroRAE,Training,Standard
PGM017,M03140480621,MicroRAE,Central,Standard
PGM018,M03140426521,MicroRAE,FS59,Standard
PGM019,M03140427321,MicroRAE,Burnley,Standard
PGM020,M03140424021,MicroRAE,Burnley,Rescue
PGM021,M03140414321,MicroRAE,Burnley,Standard
PGM022,M03140427721,MicroRAE,MHA,Standard
PGM023,M03140423221,MicroRAE,Burnley,Standard
PGM024,M03140478421,MicroRAE,Burnley,Standard
PGM025,M03140477421,MicroRAE,Burnley,Standard
PGM026,M03140479321,MicroRAE,Burnley,Standard
PGM027,M03140453221,MicroRAE,Burnley,Standard
PGM028,M03140449521,MicroRAE,Burnley,Standard
PGM029,M03140414621,MicroRAE,Burnley,Standard
PGM030,M03240423721,MicroRAE,Burnley,Standard
PGM031,M03140477821,MicroRAE,Burnley,Standard
PGM032,M03140456021,MicroRAE,Burnley,Standard
PGM033,M03140420421,MicroRAE,Northern,Standard
PGM034,M03140453121,MicroRAE,Burnley,Standard
PGM035,M03140429521,MicroRAE,Valley,Standard
PGM036,M03140415321,MicroRAE,EVIE,Standard
PGM037,M03140483521,MicroRAE,Burnley,Standard
PGM038,M03140417721,MicroRAE,Burnley,Standard
PGM039,M03140429221,MicroRAE,Burnley,Standard
PGM040,M03140485221,MicroRAE,Burnley,Standard
PGM041,M03140415721,MicroRAE,Central,Standard
PGM042,M03140419321,MicroRAE,Burnley,Standard
PGM043,M03140476521,MicroRAE,Burnley,Standard
PGM044,M03140428521,MicroRAE,Burnley,Standard
PGM045,M03140416521,MicroRAE,Burnley,Standard
PGM046,M03140478821,MicroRAE,MHA,Standard
PGM047,M03140425821,MicroRAE,Burnley,Standard
PGM048,M03140412921,MicroRAE,AES,Standard
PGM049,M03140430921,MicroRAE,FIU,Standard
PGM050,M03140413921,MicroRAE,Burnley,Standard
PGM051,M03140431121,MicroRAE,AES,Standard
PGM052,M03140432421,MicroRAE,Burnley,Standard
PGM053,M03140435621,MicroRAE,Burnley,Standard
PGM054,M03140426721,MicroRAE,Northern,Standard
PGM055,M03140481021,MicroRAE,Burnley,Standard
PGM056,M03140428421,MicroRAE,Burnley,Standard
PGM057,M03140413121,MicroRAE,Burnley,Standard
PGM058,M03140486121,MicroRAE,Burnley,Standard
PGM059,M03140478521,MicroRAE,Burnley,Standard
PGM060,M03140419121,MicroRAE,Burnley,Standard
PGM061,M03140481821,MicroRAE,Burnley,Standard
PGM062,M03140423121 ,MicroRAE,Valley,Standard
PGM063,M03140431321,MicroRAE,Valley,Standard
PGM064,,MicroRAE,Unknown,Standard
PGM065,M03140431521,MicroRAE,Burnley,Standard
PGM066,M03140428221,MicroRAE,FS 25,Standard
PGM067,,MicroRAE,Unknown,Standard
PGM068,M03140427921,MicroRAE,FS 45,Standard
PGM069,M03140414421,MicroRAE,Southern 1,Standard
PGM070,M03140415921,MicroRAE,Burnley,Standard
PGM071,M03140431021,MicroRAE,Burnley,Standard
PGM072,M03140476921,MicroRAE,Burnley,Standard
PGM073,M03140415121,MicroRAE,FS43,Standard
PGM074,M03140480321,MicroRAE,Burnley,Standard
PGM075,M03140428021,MicroRAE,Burnley,Standard
PGM076,M03140428121,MicroRAE,Burnley,Standard
PGM077,M03140420821,MicroRAE,Burnley,Standard
PGM078,M03140480521,MicroRAE,Burnley,Standard
PGM079,M03140486521,MicroRAE,Burnley,Standard
PGM080,M02140433221,MicroRAE,Northern,Standard
PGM081,M03140432321,MicroRAE,Burnley,Standard
PGM082,M03140434621,MicroRAE,Burnley,Standard
PGM083,M03140420921,MicroRAE,Burnley,Rescue
PGM084,M03140435021,MicroRAE,Burnley,Standard
PGM085,M03140431421,MicroRAE,Burnley,Standard
PGM086,M03140485921,MicroRAE,FS07,Standard
PGM087,M03140421521,MicroRAE,Burnley,Standard
PGM088,M03140486621,MicroRAE,Burnley,Standard
PGM089,M03140426221,MicroRAE,Burnley,Standard
PGM090,M03140422121,MicroRAE,Burnley,Standard
PGM091,M03140434421,MicroRAE,Burnley,Standard
PGM092,M03140433421,MicroRAE,Burnley,Standard
PGM093,M03140433521,MicroRAE,FS25,Standard
PGM094,M03140486821,MicroRAE,Burnley,Standard
PGM095,M03140427821,MicroRAE,Burnley,Standard
PGM096,M03140482921,MicroRAE,Burnley,Standard
PGM097,M03140426121,MicroRAE,Burnley,Standard
PGM098,M03140435921,MicroRAE,Burnley,Standard
PGM099,M03140425021,MicroRAE,Burnley,Standard
PGM100,M03140421921,MicroRAE,FS09,Standard
PGM101,M03140484921,MicroRAE,Burnley,Standard
PGM102,M03140425421,MicroRAE,Burnley,Standard
PGM103,M03140479521,MicroRAE,Burnley,Standard
PGM104,M03140480421,MicroRAE,Burnley,Standard
PGM105,M03140424921,MicroRAE,Burnley,Standard
PGM106,M03140416721,MicroRAE,Burnley,Standard
PGM107,M03140479421,MicroRAE,Burnley,Standard
PGM108,M03140480821,MicroRAE,Burnley,Standard
PGM109,M03140483821,MicroRAE,Burnley,Standard
PGM110,M03140418021,MicroRAE,Burnley,Standard
PGM111,M03140426921,MicroRAE,Burnley,Standard
PGM112,M03140415821,MicroRAE,Burnley,Standard
PGM113,M03140479021,MicroRAE,Burnley,Standard
PGM114,M03140420621,MicroRAE,FS20,Standard
PGM115,M03140428821,MicroRAE,Burnley,Standard
PGM116,M03140414521,MicroRAE,Burnley,Standard
PGM117,M03140485321,MicroRAE,Eastern,Standard
PGM118,M03140484021,MicroRAE,Burnley,Standard
PGM119,M03140480921,MicroRAE,Burnley,Standard
PGM120,,MicroRAE,Unknown,Standard
PGM121,M03140478021,MicroRAE,Burnley,Standard
PGM122,M03140413521,MicroRAE,Burnley,Standard
PGM123,M03140420521,MicroRAE,Burnley,Standard
PGM124,M03140419021,MicroRAE,FS6,Standard
PGM125,M03140412621,MicroRAE,Burnley,Standard
PGM126,M03140417621,MicroRAE,Burnley,Standard
PGM127,M03140422421,MicroRAE,FIU,Standard
PGM128,M03140416321,MicroRAE,FIU,Standard
PGM129,M03140414221,MicroRAE,Southern 1,Standard
PGM130,M02140484321,MicroRAE,Burnley,Standard
PGM131,M03140482621,MicroRAE,Northern,Standard
PGM132,M02140416221,MicroRAE,Burnley,Standard
PGM133,M03140483321,MicroRAE,Burnley,Standard
PGM134,M03140425121,MicroRAE,FS44,Standard
PGM135,M03140477021,MicroRAE,Burnley,Standard
PGM136,M03140477521,MicroRAE,Burnley,Standard
PGM137,M03140413321,MicroRAE,Burnley,Standard
PGM138,,MicroRAE,Unknown,Standard
PGM139,M03140482421,MicroRAE,Burnley,Standard
PGM140,M03140458921,MicroRAE,Burnley,Standard
PGM141,M03140481721,MicroRAE,FIU,Standard
PGM142,M03140482021,MicroRAE,Burnley,Standard
PGM143,M03140478721,MicroRAE,FIU,Standard
PGM144,M03140413221,MicroRAE,Burnley,Standard
PGM145,M03140418121,MicroRAE,Burnley,Standard
PGM146,M03140480121,MicroRAE,Burnley,Standard
PGM147,M03140377721,MicroRAE,Central,Standard
PGM148,M03140458321,MicroRAE,FS29,Standard
PGM149,,MicroRAE,Unknown,Standard
PGM150,M03140452921,MicroRAE,Burnley,Standard
PGM151,M03140479721,MicroRAE,Central,Standard
PGM152,M03140458821,MicroRAE,Southern 1,Standard
PGM153,M03140456521,MicroRAE,Burnley,Standard
PGM154,M03140456221,MicroRAE,Burnley,Standard
PGM155,M03140457921,MicroRAE,Burnley,Standard
PGM156,M03140417021,MicroRAE,Burnley,Standard
PGM157,M03140480721,MicroRAE,Northern,Standard
PGM158,,MicroRAE,Unknown,Standard
PGM159,M03140424721,MicroRAE,Burnley,Standard
PGM160,M03140475821,MicroRAE,Central,Standard
PGM161,,MicroRAE,Unknown,Standard
PGM162,M03140486421,MicroRAE,Burnley,Rescue
PGM163,M03140477321,MicroRAE,Burnley,Standard
PGM164,M03140455521,MicroRAE,Central,Standard
PGM165,M03140435221,MicroRAE,Burnley,Standard
PGM166,M03140448921,MicroRAE,Burnley,Standard
PGM167,M03140453521,MicroRAE,Burnley,Standard
PGM168,M03140416821,MicroRAE,Burnley,Standard
PGM169,M03140419521,MicroRAE,CSR KIT 2,Standard
PGM170,M03140420321,MicroRAE,Burnley,Standard
PGM171,M03140423621,MicroRAE,Burnley,Standard
PGM172,M03140484821,MicroRAE,Burnley,Standard
PGM173,M03140485521,MicroRAE,Burnley,Standard
PGM174,M03140452221,MicroRAE,Burnley,Standard
PGM175,M03140422621,MicroRAE,Burnley,Standard
PGM176,M03140454221,MicroRAE,Burnley,Standard
PGM177,M03140459021,MicroRAE,Burnley,Standard
PGM178,M03140450621,MicroRAE,Burnley,Standard
PGM179,M03140475721,MicroRAE,Burnley,Standard
PGM180,M03140425921,MicroRAE,Southern 1,Standard
PGM181,M03140478321,MicroRAE,Eastern,Standard
PGM182,M03140453021,MicroRAE,Burnley,Standard
PGM183,M03140477121,MicroRAE,Eastern,Standard
PGM184,M03140476321,MicroRAE,Burnley,Standard
PGM185,M03140450121,MicroRAE,Burnley,Standard
PGM186,M03140421321,MicroRAE,Burnley,Standard
PGM187,M03140435421,MicroRAE,Burnley,Standard
PGM188,M03140414121,MicroRAE,Burnley,Standard
PGM189,M03140419221,MicroRAE,Burnley,Standard
PGM190,M03140433021,MicroRAE,Burnley,Standard
PGM191,M03140423321,MicroRAE,Burnley,Standard
PGM192,M03140432721,MicroRAE,Burnley,Standard
PGM193,M03140427021,MicroRAE,FS44,Standard
PGM194,,MicroRAE,Unknown,Standard
PGM195,M03140432221,MicroRAE,FS25,Standard
PGM196,M03140417921,MicroRAE,Burnley,Standard
PGM197,M03140481321,MicroRAE,Burnley,Standard
PGM198,M03140416121,MicroRAE,Burnley,Standard
PGM199,M03140428321,MicroRAE,Burnley,Standard
PGM200,M03140419821,MicroRAE,Burnley,Standard
PGM201,M03140455621,MicroRAE,Northern,Standard
PGM202,M03140423821,MicroRAE,Burnley,Standard
PGM203,M03140454521,MicroRAE,Burnley,Standard
PGM204,M03140457521,MicroRAE,Burnley,Standard
PGM205,M03140425221,MicroRAE,Central,Standard
PGM206,M03140418321,MicroRAE,Burnley,Standard
PGM207,M03140455221,MicroRAE,Burnley,Standard
PGM208,M03140433621,MicroRAE,Burnley,Standard
PGM209,M03140454921,MicroRAE,Burnley,Standard
PGM210,M03140434021,MicroRAE,Burnley,Standard
PGM211,M03140434121,MicroRAE,Burnley,Standard
PGM212,M03140425321,MicroRAE,Burnley,Standard
PGM213,M03140460021,MicroRAE,Burnley,Standard
PGM214,M03140476721,MicroRAE,FS59,Standard
PGM215,M03140420721,MicroRAE,Burnley,Standard
PGM216,M03140482821,MicroRAE,Valley,Standard
PGM217,M03140434521,MicroRAE,Burnley,Standard
PGM218,M03140418821,MicroRAE,Burnley,Standard
PGM219,M03140484721,MicroRAE,Western 2,Standard
PGM220,M03140421721,MicroRAE,Burnley,Standard
PGM221,M03140429421,MicroRAE,Burnley,Standard
PGM222,M03140432921,MicroRAE,Burnley,Standard
PGM223,,MicroRAE,Unknown,Standard
PGM224,M03140421821,MicroRAE,Burnley,Standard
PGM225,M03140450821,MicroRAE,Burnley,Standard
PGM226,,MicroRAE,Unknown,Standard
PGM227,M03140479621,MicroRAE,Burnley,Rescue
PGM228,M03140458421,MicroRAE,Burnley,Standard
PGM229,M03140432021,MicroRAE,Burnley,Standard
PGM230,M03140459221,MicroRAE,Burnley,Standard
PGM231,M03140422321,MicroRAE,Valley,Standard
PGM232,M03140418721,MicroRAE,Burnley,Standard
PGM233,M03140454721,MicroRAE,Burnley,Standard
PGM234,M03140485721,MicroRAE,Valley,Standard
PGM235,M03140425721,MicroRAE,Burnley,Standard
PGM236,M03140432821,MicroRAE,Offsite,Standard
PGM237,M03140450721,MicroRAE,Burnley,Standard
PGM238,M03140413621,MicroRAE,Burnley,Standard
PGM239,M03149414721,MicroRAE,Burnley,Standard
PGM240,M03140434221,MicroRAE,MHA,Standard
PGM241,M03140459921,MicroRAE,Burnley,Standard
PGM242,M03140452021,MicroRAE,Burnley,Standard
PGM243,M03140456321,MicroRAE,Burnley,Standard
PGM244,M03140482721,MicroRAE,Burnley,Standard
PGM245,M03140480021,MicroRAE,Northern,Standard
PGM246,M03140449321,MicroRAE,Burnley,Standard
PGM247,M03140416621,MicroRAE,Burnley,Standard
PGM248,M03140450321,MicroRAE,Burnley,Standard
PGM249,M03140482321,MicroRAE,Burnley,Standard
PGM250,,MicroRAE,Unknown,Standard
PGM251,M03140431921,MicroRAE,Burnley,Standard
PGM252,M03140422721,MicroRAE,Burnley,Standard
PGM253,,MicroRAE,Unknown,Standard
PGM254,M03140422221`,MicroRAE,Central,Standard
PGM255,M03140425621,MicroRAE,Burnley,Standard
PGM256,M02140424221,MicroRAE,Burnley,Standard
PGM257,M03140485021,MicroRAE,Burnley,Standard
PGM258,M03140457321,MicroRAE,Burnley,Standard
PGM259,M03140435321,MicroRAE,Burnley,Standard
PGM260,,MicroRAE,Unknown,Standard
PGM261,M03140416421,MicroRAE,Burnley,Rescue
PGM262,M03140418221,MicroRAE,Burnley,Standard
PGM263,,MicroRAE,Unknown,Standard
PGM264,M03140417421,MicroRAE,Burnley,Standard
PGM265,M03140426621,MicroRAE,Burnley,Standard
PGM266,M03140434721,MicroRAE,Burnley,Standard
PGM267,,MicroRAE,Unknown,Standard
PGM268,M03140427121,MicroRAE,Burnley,Standard
PGM269,M03140476421,MicroRAE,Burnley,Standard
PGM270,M03140417121,MicroRAE,Burnley,Standard
PGM271,M03140484621,MicroRAE,Burnley,Standard
PGM272,M03140413821,MicroRAE,FS10,Rescue
PGM273,M03140476121,MicroRAE,Burnley,Standard
PGM274,M03140433321,MicroRAE,Burnley,Standard
PGM275,M03140433121,MicroRAE,FS35,Standard
PGM276,M03140486221,MicroRAE,Burnley,Standard
PGM277,M03140484221,MicroRAE,Burnley,Standard
PGM278,M03140485621,MicroRAE,Burnley,Standard
PGM279,M03140431221,MicroRAE,Burnley,Standard
PGM280,M03140477621,MicroRAE,Burnley,Standard
PGM281,M03140421021,MicroRAE,FS 25,Standard
PGM282,,MicroRAE,Unknown,Standard
PGM283,M03140476021,MicroRAE,Burnley,Rescue
PGM284,M03140421621,MicroRAE,Burnley,Standard
PGM285,,MicroRAE,Unknown,Standard
PGM286,M03140418421,MicroRAE,FS44,Standard
PGM287,M03140481621,MicroRAE,Burnley,Standard
PGM288,M03140484421,MicroRAE,CSR KIT 1,Rescue
PGM289,M03140450921,MicroRAE,Burnley,Standard
PGM290,M03140413421,MicroRAE,Southern 1,Standard
PGM291,M03140419421,MicroRAE,Burnley,Standard
PGM292,M03140485421,MicroRAE,Burnley,Standard
PGM293,M03140459621,MicroRAE,Central,Standard
PGM294,M03140427421,MicroRAE,Burnley,Standard
PGM295,M03140428721,MicroRAE,Burnley,Standard
PGM296,M03140423421,MicroRAE,Southern 1,Standard
PGM297,M03140433821,MicroRAE,Burnley,Standard
PGM298,M03140416021,MicroRAE,Burnley,Standard
PGM299,M03140415521,MicroRAE,Burnley,Standard
PGM300,M03140422821,MicroRAE,Burnley,Standard
PGM301,M03140478621,MicroRAE,Burnley,Standard
PGM302,M02140477221,MicroRAE,FS33,Standard
PGM303,M03140414821,MicroRAE,Burnley,Standard
PGM304,M03140449121,MicroRAE,Northern,Standard
PGM305,M03140483221,MicroRAE,Burnley,Standard
PGM306,M03140426821,MicroRAE,Central,Standard
PGM307,M03140451221,MicroRAE,Burnley,Standard
PGM308,M03140426421,MicroRAE,Burnley,Standard
PGM309,M03140458521,MicroRAE,Burnley,Standard
PGM310,,MicroRAE,Unknown,Standard
PGM311,M03140459321,MicroRAE,FS 45,Standard
PGM312,M03140455421,MicroRAE,Burnley,Standard
PGM313,M03140415421,MicroRAE,Burnley,Standard
PGM314,,MicroRAE,Unknown,Standard
PGM315,M03140431621,MicroRAE,Burnley,Standard
PGM316,M03140455021,MicroRAE,Burnley,Standard
PGM317,M03140486021,MicroRAE,Burnley,Standard
PGM318,M03140452721,MicroRAE,Burnley,Standard
PGM319,M03140448821,MicroRAE,Western 1,Standard
PGM320,M03140484121,MicroRAE,ST07,Standard
PGM321,M03140419721,MicroRAE,Burnley,Standard
PGM322,M03140423021,MicroRAE,Valley,Standard
PGM323,M03140426321,MicroRAE,Burnley,Standard
PGM324,M03140413021,MicroRAE,Burnley,Standard
PGM325,M03140420121,MicroRAE,Burnley,Standard
PGM326,M03140429321,MicroRAE,Burnley,Standard
PGM327,M03140424121,MicroRAE,Eastern,Standard
PGM328,M03140426021,MicroRAE,Burnley,Standard
PGM329,M03140422021,MicroRAE,Burnley,Standard
PGM330,,MicroRAE,Unknown,Standard
PGM331,M03140481921,MicroRAE,Burnley,Standard
PGM332,M03140420221,MicroRAE,Burnley,Standard
PGM333,M03140479821,MicroRAE,Burnley,Standard
PGM334,M03140484521,MicroRAE,Central,Standard
PGM335,M03140414921,MicroRAE,Burnley,Standard
PGM336,M03140486721,MicroRAE,Burnley,Standard
PGM337,M03140424521,MicroRAE,Burnley,Standard
PGM338,M03140479921,MicroRAE,Eastern,Standard
PGM339,M03101845621,MicroRAE,Burnley,Standard
PGM340,M03104018621,MicroRAE,Burnley,Standard
PGM341,M03140449721,MicroRAE,Burnley,Standard
PGM342,M03140423921,MicroRAE,Burnley,Standard
PGM343,M03140480221,MicroRAE,FS10,Rescue
PGM344,M03140417321,MicroRAE,Burnley,Standard
PGM345,M03140485121,MicroRAE,Valley,Standard
PGM346,M03140402521,MicroRAE,Burnley,Standard
PGM347,M03140456721,MicroRAE,Burnley,Standard
PGM348,M03140475921,MicroRAE,Burnley,Standard
PGM349,M03140412521,MicroRAE,Burnley,Standard
PGM350,M03140476621,MicroRAE,Burnley,Standard
PGM351,M03140434921,MicroRAE,Burnley,Standard
PGM352,M03140424821,MicroRAE,Central,Standard
PGM353,M03140435821,MicroRAE,Burnley,Standard
PGM354,M03140449221,MicroRAE,Burnley,Standard
PGM355,M03140434321,MicroRAE,Burnley,Standard
PGM356,M03140419921,MicroRAE,Burnley,Standard
PGM357,M03140475021,MicroRAE,Burnley,Standard
PGM358,M03140477921,MicroRAE,Burnley,Standard
PGM359,M03140421121,MicroRAE,Burnley,Standard
PGM360,M03140422921,MicroRAE,Burnley,Standard
PGM361,M03140417221,MicroRAE,Western 1,Standard
PGM362,M03140415221,MicroRAE,Burnley,Standard
PGM363,M03140422521,MicroRAE,Valley,Standard
PGM364,M03140460221,MicroRAE,Eastern,Standard
PGM365,M03140483921,MicroRAE,Burnley,Standard
PGM366,M0314042521,MicroRAE,Burnley,Standard
PGM367,M03140448721,MicroRAE,Valley,Standard
PGM368,M03140453421,MicroRAE,Southern 1,Standard
PGM369,M03140449421,MicroRAE,FS44,Standard
PGM370,M03140459721,MicroRAE,Burnley,Standard
PGM371,M03140457621,MicroRAE,Burnley,Standard
PGM372,M03140452121,MicroRAE,Burnley,Standard
PGM373,M03140452321,MicroRAE,Burnley,Standard
PGM374,M03140451421,MicroRAE,Burnley,Standard
PGM375,M03140454621,MicroRAE,Burnley,Standard
PGM376,M03140457821,MicroRAE,Burnley,Rescue
PGM377,M03140460121,MicroRAE,Burnley,Standard
PGM378,M03140451521,MicroRAE,Burnley,Standard
PGM379,,MicroRAE,Unknown,Standard
PGM380,M03140449821,MicroRAE,Valley,Standard
PGM381,M03140421221,MicroRAE,Burnley,Standard
PGM382,M03140416921,MicroRAE,Burnley,Standard
PGM383,M03140459121,MicroRAE,Southern 1,Standard
PGM384,M03140454121,MicroRAE,FS44,Standard
PGM385,M03140457021,MicroRAE,Burnley,Standard
PGM386,M03140427521,MicroRAE,Burnley,Standard
PGM387,M03140481221,MicroRAE,Burnley,Standard
PGM388,M03140453321,MicroRAE,Burnley,Standard
PGM389,M03140455821,MicroRAE,Burnley,Standard
PGM390,M03140459521,MicroRAE,Burnley,Standard
PGM391,M03140451821,MicroRAE,Burnley,Standard
PGM392,M03140459821,MicroRAE,Burnley,Standard
PGM393,M03140454821,MicroRAE,Burnley,Standard
PGM394,M03140450221,MicroRAE,Burnley,Standard
PGM395,M03140455121,MicroRAE,Burnley,Standard
PGM396,M03140451321,MicroRAE,Central,Standard
PGM397,M03140452621,MicroRAE,Burnley,Standard
PGM398,M03140457421,MicroRAE,Burnley,Standard
PGM399,M03140457221,MicroRAE,Western 1,Standard
PGM400,M03140436121,MicroRAE,Central,Standard
PGM401,M03140431721,MicroRAE,Burnley,Standard
PGM402,M03101845021,MicroRAE,Burnley,Standard
PGM403,M03101845521,MicroRAE,Northern,Standard
PGM404,M03140479121,MicroRAE,Burnley,Standard
PGM405,M03140435121,MicroRAE,FS44,Standard
PGM406,M03101845421,MicroRAE,Valley,Standard
PGM407,M03140455921,MicroRAE,FAULT,Standard
PGM408,M03140454321,MicroRAE,FAULT,Standard
PGM409,M03140417821,MicroRAE,Burnley,Standard
PGM410,M03140430821,MicroRAE,Burnley,Standard
PGM411,M03101845321,MicroRAE,MHA,Standard
PGM412,M03101845721,MicroRAE,Burnley,Standard
PGM413,M03101845221,MicroRAE,Burnley,Standard
PGM414,M03140463121,MicroRAE,CSR KIT 3,Rescue
PGM415,M03140464721,MicroRAE,Burnley,Rescue
PGM416,M03140463721,MicroRAE,Burnley,Rescue
PGM417,M03140462821,MicroRAE,Burnley,Rescue
PGM418,M03140464621,MicroRAE,CSR KIT 2,Rescue
PGM419,M03140463421,MicroRAE,Burnley,Rescue
PGM420,M03140462121,MicroRAE,Burnley,Rescue
PGM421,M03140463521,MicroRAE,Burnley,Rescue
PGM422,M03140462621,MicroRAE,Burnley,Rescue
PGM423,M03140464321,MicroRAE,ST10,Rescue
PGM424,M03140462521,MicroRAE,CSR KIT 1,Rescue
PGM425,M03140464421,MicroRAE,Burnley,Rescue
PGM426,M03140464521,MicroRAE,Burnley,Rescue
PGM427,M03140464121,MicroRAE,ST10,Rescue
PGM428,M03140462321,MicroRAE,ST10,Rescue
PGM429,M03140464221,MicroRAE,Burnley,Rescue
PGM430,M03140449621,MicroRAE,Burnley,Standard
PGM431,M03140454021,MicroRAE,Burnley,Standard
PGM432,M03140239921,MicroRAE,Burnley,Standard
PGM433,MO3140392721,MicroRAE,MHA,Standard
PGM434,M03140436921,MicroRAE,Burnley,Standard
PGM435,M03140465321,MicroRAE,Burnley,Rescue
PGM436,M03140467321,MicroRAE,CSR KIT 2,Rescue
PGM437,M03140467721,MicroRAE,Burnley,Rescue
PGM438,M03140465521,MicroRAE,CSR KIT 3,Rescue
PGM439,M03140448621,MicroRAE,ST79,Standard
PGM440,M03140481521,MicroRAE,Central,Standard
PGM441,M03140453721,MicroRAE,Burnley,Standard
PGM442,M03140403721,MicroRAE,FS25,Standard
PGM443,M03140488021,MicroRAE,FS26,Standard
PGM444,M03140489621,MicroRAE,Burnley,Standard
PGM445,M03140489521,MicroRAE,Burnley,Standard
PGM446,M03140488721,MicroRAE,Burnley,Standard
PGM447,M03140487321,MicroRAE,Burnley,Standard
PGM448,M03140489121,MicroRAE,Burnley,Standard
PGM449,M03140487621,MicroRAE,Burnley,Standard
PGM450,M03140489021,MicroRAE,FS59,Standard
PGM451,M03140488821,MicroRAE,Burnley,Standard
PGM452,M03140488221,MicroRAE,Valley,Standard
PGM453,M03140488521,MicroRAE,Burnley,Standard
PGM454,M03140488121,MicroRAE,Burnley,Standard
PGM455,M03140489221,MicroRAE,Burnley,Standard
PGM456,M03140489421,MicroRAE,Burnley,Standard
PGM457,M03140488321,MicroRAE,Central,Standard
PGM458,M03140487421,MicroRAE,Burnley,Standard
PGM459,M03140488421,MicroRAE,Burnley,Standard
PGM460,M03140487721,MicroRAE,Burnley,Standard
PGM461,M03140487821,MicroRAE,Burnley,Standard
PGM462,M03140488621,MicroRAE,Burnley,Standard
PGM463,M03140487921,MicroRAE,Eastern,Standard
PGM464,M03140487221,MicroRAE,Burnley,Standard
PGM465,M03140487521,MicroRAE,Burnley,Standard
PGM466,M03140488921,MicroRAE,ST14,Standard
PGM467,M0314-489321,MicroRAE,Burnley,Standard
PGM468,M03140452821,MicroRAE,Burnley,Standard
PGM469,M03140437421,MicroRAE,Eastern,Standard
PGM470,M03140403521,MicroRAE,Eastern,Standard
PGM471,M03140437021,MicroRAE,Southern 1,Standard
PGM472,M03140436521,MicroRAE,Burnley,Standard
PGM473,M03140394021,MicroRAE,Burnley,Standard
PGM474,M03140437221,MicroRAE,Central,Standard
PGM475,M03140403221,MicroRAE,Burnley,Standard
PGM476,M03240438021,MicroRAE,Burnley,Standard
PGM477,M03140008921,MicroRAE,Burnley,Rescue
PGM478,M03101845121,MicroRAE,Burnley,Standard
PGM479,M03101378621,MicroRAE,Burnley,Standard
PGM480,M03140436321,MicroRAE,Burnley,Standard
PGM481,M02140483121,MicroRAE,Burnley,Standard
PGM482,M03140238621,MicroRAE,Burnley,Standard
PGM483,M03140437721,MicroRAE,Burnley,Standard
PGM484,M03140393121,MicroRAE,Burnley,Standard
PGM485,M03140392821,MicroRAE,Burnley,Standard
PGM486,M03140393921,MicroRAE,Burnley,Standard
PGM487,M03140436821,MicroRAE,Burnley,Standard
PGM488,M03140404721,MicroRAE,Burnley,Standard
PGM489,M03140239621,MicroRAE,Burnley,Standard
PGM490,M03140240421,MicroRAE,Burnley,Standard
PGM491,M03140393721,MicroRAE,Burnley,Standard
PGM492,M03140393221,MicroRAE,Burnley,Standard
PGM493,M03140393321,MicroRAE,Burnley,Standard
PGM494,M03140240021,MicroRAE,Burnley,Standard
PGM495,M03140403421,MicroRAE,Burnley,Standard
PGM496,M03140438221,MicroRAE,Burnley,Standard
PGM497,M03140240121,MicroRAE,Burnley,Standard
PGM498,M03140437321,MicroRAE,Burnley,Standard
PGM499,M03140404321,MicroRAE,Burnley,Standard
PGM500,M03140437521,MicroRAE,Burnley,Standard
PGM501,M03140438121,MicroRAE,Burnley,Standard
PGM502,M03140437621,MicroRAE,Burnley,Standard
PGM503,M03140240321,MicroRAE,Burnley,Standard
PGM504,M03140404421,MicroRAE,Burnley,Standard
PGM505,M03140436421,MicroRAE,Burnley,Standard
PGM506,M03140436721,MicroRAE,Burnley,Standard
PGM507,M03140436621,MicroRAE,Burnley,Standard
PGM508,M03140404521,MicroRAE,Burnley,Standard
PGM509,M03140405021,MicroRAE,Burnley,Standard
PGM510,M03140238521,MicroRAE,Burnley,Standard
PGM511,M03140404621,MicroRAE,Burnley,Standard
PGM512,M03140436221,MicroRAE,Burnley,Standard
PGM513,M03140392921,MicroRAE,Burnley,Standard
PGM514,M03140240221,MicroRAE,Burnley,Standard
PGM515,M03140239821,MicroRAE,Burnley,Standard
PGM516,M03140393621,MicroRAE,Burnley,Standard
PGM517,M03140393021,MicroRAE,Burnley,Standard
PGM518,M03140437921,MicroRAE,Burnley,Standard
PGM519,M03140493421,MicroRAE,Burnley,Standard
PGM520,M03140403321,MicroRAE,Burnley,Standard
PGM521,M03140437821,MicroRAE,Burnley,Standard
PGM522,M03140403121,MicroRAE,Burnley,Standard
PGM523,M03140404921,MicroRAE,Burnley,Standard
PGM524,M03140024421,MicroRAE,Burnley,Rescue
PGM525,M03140403621,MicroRAE,Burnley,Standard
PGM526,M03140415021,MicroRAE,Burnley,Standard
PGM527,M03140456821,MicroRAE,Valley,Standard
PGM528,M03140449921,MicroRAE,Valley,Standard
PGM529,M03140425321,MicroRAE,Burnley,Standard
PGM530,M03140451921,MicroRAE,Burnley,Standard
PGM531,M03140436021,MicroRAE,Burnley,Standard
PGM532,M03140458021,MicroRAE,Burnley,Standard
PGM533,M03140449021,MicroRAE,Burnley,Standard
PGM534,M03140478921,MicroRAE,Burnley,Standard
PGM535,M03140452421,MicroRAE,Burnley,Standard
PGM536,M03140457121,MicroRAE,Burnley,Standard
PGM537,M03140459421,MicroRAE,Burnley,Standard
PGM538,M03140457721,MicroRAE,Burnley,Standard
PGM539,M03140451121,MicroRAE,Burnley,Standard
PGM540,M03140456921,MicroRAE,Burnley,Standard
PGM541,M03140450021,MicroRAE,Burnley,Standard
PGM542,M03140453621,MicroRAE,Burnley,Standard
PGM543,M03140428921,MicroRAE,Burnley,Standard
PGM544,M03140451721,MicroRAE,Burnley,Standard
PGM545,M03140458221,MicroRAE,Burnley,Standard
PGM546,M03140433721,MicroRAE,Burnley,Standard
PGM547,M03140456621,MicroRAE,Burnley,Standard
PGM548,M03140418921,MicroRAE,Burnley,Standard
PGM549,M03140456421,MicroRAE,Burnley,Standard
PGM550,M03140462221,MicroRAE,CSR KIT 2,Rescue
PGM551,M03140446321,MicroRAE,CSR KIT 2,Rescue
PGM552,M03140465221,MicroRAE,CSR KIT 2,Rescue
PGM553,M03140466121,MicroRAE,FS10,Rescue
PGM554,M03140467221,MicroRAE,FS10,Rescue
PGM555,M03140466521,MicroRAE,CSR KIT 1,Rescue
PGM556,M03140466221,MicroRAE,FS10,Rescue
PGM557,M03140466821,MicroRAE,CSR KIT 2,Rescue
PGM558,M03140467521,MicroRAE,CSR KIT 2,Rescue
PGM559,M03140466921,MicroRAE,CSR KIT 2,Rescue
PGM560,M03140465421,MicroRAE,CSR KIT 2,Rescue
PGM561,M03140467121,MicroRAE,CSR KIT 1,Rescue
PGM562,M03140458721,MicroRAE,Burnley,Standard
PGM563,M03140431821,MicroRAE,Burnley,Standard
PGM564,M03140466621,MicroRAE,AES,Rescue
PGM565,M03140465821,MicroRAE,Burnley,Rescue
PGM566,M03140463321,MicroRAE,Burnley,Rescue
PGM567,M03140464821,MicroRAE,AES,Rescue
PGM568,M03140466021,MicroRAE,Burnley,Rescue
PGM569,M03140466321,MicroRAE,Burnley,Rescue
PGM570,M03140463021,MicroRAE,Burnley,Rescue
PGM571,M03140467421,MicroRAE,AES,Rescue
PGM572,M03140465621,MicroRAE,Burnley,Rescue
PGM573,M03140462921,MicroRAE,Burnley,Rescue
PGM574,M03140465021,MicroRAE,Burnley,Rescue
PGM575,M03140465121,MicroRAE,Burnley,Rescue
PGM576,M03140466421,MicroRAE,Burnley,Rescue
PGM577,M03140463921,MicroRAE,Burnley,Rescue
PGM578,M03140466721,MicroRAE,Burnley,Rescue
PGM579,M03140465921,MicroRAE,Burnley,Rescue
PGM580,M03140462721,MicroRAE,Burnley,Rescue
PGM581,M03140485821,MicroRAE,Burnley,Standard
PGM582,M03140451021,MicroRAE,Burnley,Standard
PGM583,M03140458621,MicroRAE,Burnley,Standard
PGM584,M03140450521,MicroRAE,Burnley,Standard
PGM585,M03140462421,MicroRAE,Burnley,Rescue
PGM586,M03140465721,MicroRAE,Burnley,Standard
MR01,MAA30007Q7,MultiRAE,FS39,Yellow
MR02,MAA30008Q7,MultiRAE,Burnley,Yellow
MR03,MAA30009Q7,MultiRAE,Burnley,Yellow
MR04,MAA30010Q7,MultiRAE,Burnley,Yellow
MR05,MAA30011Q7,MultiRAE,Burnley,Yellow
MR06,,MultiRAE,Burnley,Yellow
MR07,MAA30013Q7,MultiRAE,,Yellow
MR08,MAA30014Q7,MultiRAE,Burnley,Yellow
MR09,MAA30015Q7,MultiRAE,FS39,Yellow
MR10,,MultiRAE,Burnley,Yellow
MR11,MAA30017Q7,MultiRAE,Burnley,Yellow
MR13,M01C001832,MultiRAE,Burnley,Yellow
MR14,MAA30020Q7,MultiRAE,Burnley,Yellow
MR16,,MultiRAE,Burnley,Yellow
MR34,,MultiRAE,BA38,Yellow
MR35,M01C005074,MultiRAE,Burnley,Yellow
MRHART01,,MultiRAE,Burnley,Yellow
MR12,,MultiRAE,Burnley,Yellow
MR17,,MultiRAE,Burnley,Yellow
MR18,MAA30024Q7,MultiRAE,FS38,Red
MR19,MAA30099Q6,MultiRAE,FS38,Red
MR20,MAA30100Q6,MultiRAE,Burnley,Red
MR33,M01C008331,MultiRAE,POD88,Red
MR888,M01C008882,MultiRAE,POD88,Red
MR15,MAA30021Q7,MultiRAE,Burnley,Blue
MR21,MAA30005Q7,MultiRAE,Burnley,Blue
MR22,MAA30006Q7,MultiRAE,FS38,Blue
MR36,M01C008876,MultiRAE,POD88,Blue
MR31,M01C008878,MultiRAE,POD88,Blue
MR29,M01C036841,MultiRAE,FS38,Blue
MR23,MCA30002Q7,MultiRAE,POD88,Black
MR24,MCA30003Q7,MultiRAE,FS38,Black
MR25,MCA300015Q5,MultiRAE,POD88,Black
MR32,M01F001185,MultiRAE,Burnley,Black
MR26,M01F002293,MultiRAE,FS38,Black
PID01,592-907573,MiniRAE 3000,Unknown,Standard
PID02,592-907615,MiniRAE 3000,FS38,Standard
PID03,592-907644,MiniRAE 3000,POD88,Standard
PID05,592-907588,MiniRAE 3000,FIU,Standard
PID06,592-907622,MiniRAE 3000,FS35,Standard
PID07,592-907586,MiniRAE 3000,FS38,Standard
PID08,592-907613,MiniRAE 3000,FS38,Standard
PID10,594-903188,ppbRAE 3000,POD88,Standard
PID11,594-900086,ppbRAE 3000,FS38,Standard
PID12,592-918998,MiniRAE 3000,Burnley,Standard
PID13,592-919000,MiniRAE 3000,FIU,Standard
PID14,592-918999,MiniRAE 3000,FS39,Standard
PID15,594-920954,ppbRAE 3000,Burnley,Standard
RM001,955-008157,RAELink Mesh,FS75,Standard
RM002,955-008158,RAELink Mesh,FS75,Standard
RM003,955-008156,RAELink Mesh,FS75,Standard
RM004,955-008153,RAELink Mesh,FS61,Standard
RM005,955-008150,RAELink Mesh,FS61,Standard
RM006,955-008149,RAELink Mesh,FS61,Standard
RM007,955-006846,RAELink Mesh,FS68,Standard
RM008,955-008152,RAELink Mesh,FS68,Standard
RM009,955-008151,RAELink Mesh,FS68,Standard
RM010,955-006844,RAELink Mesh,FS38,Standard
RM011,955-008160,RAELink Mesh,FS38,Standard
RM012,955-006845,RAELink Mesh,FS38,Standard
RM013,251-904636,RAELink,Burnley,Standard
RM014,251-903798,RAELink,Burnley,Standard
RM015,251-903612,RAELink,Burnley,Standard
RM016,251-903607,RAELink,Burnley,Standard
AM31,W01B00000781,AreaRAE Plus,Burnley,Standard
AM32,W01B00001749,AreaRAE Plus,FS38,Standard
AM33,WO1B00001747,AreaRAE Plus,Burnley,Standard
AM34,W01B00001748,AreaRAE Plus,Burnley,Standard
AM35,W01B00001746,AreaRAE Plus,Burnley,Standard
AM36,W01B00002609,AreaRAE Plus,FS68,Standard
AM39,W01B00002606,AreaRAE Plus,FS68,Standard
AM40,W01B00002602,AreaRAE Plus,Burnley,Standard
AM41,W01B00002480,AreaRAE Plus,FS75,Standard
AM42,WO1B00002491,AreaRAE Plus,Burnley,Standard
AM43,WO1B00002499,AreaRAE Plus,FS61,Standard
AM44,W01B00002492,AreaRAE Plus,FS61,Standard
AM45,W01B00002481,AreaRAE Plus,FS61,Standard
AM46,W01B00002453,AreaRAE Plus,FS38,Standard
AM47,W01B00002479,AreaRAE Plus,FS75,Standard
AM48,W01B00002454,AreaRAE Plus,Burnley,Standard
AM49,W01B00002490,AreaRAE Plus,Burnley,Standard
AM50,W01B00002498,AreaRAE Plus,FS38,Standard
AM51,W01B00002478,AreaRAE Plus,Burnley,Standard
AM52,W01B00002455,AreaRAE Plus,Burnley,Standard
AM53,W01B00002493,AreaRAE Plus,FS61,Standard
MA54,W01B00002601,AreaRAE Plus,FS38,Standard
AM55,W01B00002605,AreaRAE Plus,FS68,Standard
AM63,W01B00002497,AreaRAE Plus,FS75,Standard
AM64,W01B00002452,AreaRAE Plus,Burnley,Standard
AM65,W01B00002500,AreaRAE Plus,FS75,Standard
RD042,01A03A77,DMC3000,FS38,Standard
RD043,01A03A83,DMC3000,FS38,Standard
RD044,01A03A56,DMC3000,FS38,Standard
RD045,01A03A53,DMC3000,POD88,Standard
RD046,01A03A9B,DMC3000,POD88,Standard
RD049,01A03A9E,DMC3000,Burnley,Standard
RD050,01A03A61,DMC3000,FS38,Standard
RD051,01A03AA9,DMC3000,FS38,Standard
RD052,01A03A73,DMC3000,POD88,Standard
RD056,01A03A7E,DMC3000,FS38,Standard
RD058,01A03A99,DMC3000,POD88,Standard
RD060,01A03A92,DMC3000,POD88,Standard
RD063,01A03A93,DMC3000,POD88,Standard
RD064,01A03A67,DMC3000,FS38,Standard
RD065,01A03A5F,DMC3000,Burnley,Standard
RD066,01A03A50,DMC3000,Burnley,Standard
RD067,01A03A85,DMC3000,Burnley,Standard
RD068,01A03A98,DMC3000,FS38,Standard
RD069,01A03A6E,DMC3000,POD88,Standard
RD071,01A1DBDB,DMC3000,FS38,Standard
RD062,01A03A90,DMC3000,Burnley,Standard
RD040,01A03A82,DMC3000,Burnley,Standard
RD048,01A03AA7,DMC3000,Burnley,Standard
RD057,01A03AA1,DMC3000,Burnley,Standard
RD041,01A03A5A,DMC3000,Burnley,Standard
RD059,01A03A66,DMC3000,Burnley,Standard
RD054,01A03A57,DMC3000,Burnley,Standard
RSM01,551428,Cypher 5000,FS38,Standard
RSM02,35901,Cypher 5000,Burnley,Standard
RDRM01,119514,6150 ad-t,FS38,Standard
RDRM02,39617,6150 ad-t,Burnley,Standard
LT01,86296,Dell 5430,FS75,Standard
LT02,89965,Dell 5430,FS75,Standard
LT03,76818,Dell 5430,FS68,Standard
LT04,75242,Dell 5430,FS68,Standard
LT05,Unknown,Dell 5430,FS61,Standard
LT06,Unknown,Dell 5430,FS61,Standard
LT07,86300,Dell 5430,FS38,Standard
LT08,86291,Dell 5430,FS38,Standard
LT09,Unknown,Dell 5430,FS38,Standard
LT10,Unknown,Dell 5430,FS38,Standard
LT11,86290,Dell 5430,POD88,Standard
LT12,86294,Dell 5430,POD88,Standard
LT13,Unknown,Dell 5430,FS88,Standard
LT14,Unknown,Dell 5430,FS88,Standard
RAD001,Unknown,MiniRadiac,FS88,Standard
RAD002,Unknown,MiniRadiac,FS88,Standard
RAD003,Unknown,MiniRadiac,FS88,Standard
RAD004,151491274,MiniRadiac,FS88,Standard
RAD005,805210004,MiniRadiac,Burnley,Standard
RAD006,873200002,MiniRadiac,Burnley,Standard
RAD007,805210002,MiniRadiac,FS75,Standard
RAD008,805210003,MiniRadiac,Burnley,Standard
RAD009,Unknown,MiniRadiac,Unknown,Standard
RAD010,Unknown,MiniRadiac,Burnley,Standard
RAD011,151491271,MiniRadiac,Burnley,Standard
RAD012,Unknown,MiniRadiac,Burnley,Standard
RAD013,Unknown,MiniRadiac,Unknown,Standard
RAD014,Unknown,MiniRadiac,Unknown,Standard
RAD015,Unknown,MiniRadiac,Unknown,Standard
RAD016,Unknown,MiniRadiac,Unknown,Standard
RAD017,Unknown,MiniRadiac,Unknown,Standard
RAD018,Unknown,MiniRadiac,Unknown,Standard
RAD019,Unknown,MiniRadiac,Unknown,Standard
RAD020,Unknown,MiniRadiac,Unknown,Standard
RAD021,Unknown,MiniRadiac,Unknown,Standard
RAD022,Unknown,MiniRadiac,Unknown,Standard
RAD023,Unknown,MiniRadiac,FS61,Standard
RAD024,Unknown,MiniRadiac,FS61,Standard
RAD025,Unknown,MiniRadiac,FS61,Standard
RAD026,Unknown,MiniRadiac,FS61,Standard
RAD027,Unknown,MiniRadiac,FS68,Standard
RAD028,Unknown,MiniRadiac,FS68,Standard
RAD029,Unknown,MiniRadiac,FS68,Standard
RAD030,Unknown,MiniRadiac,FS68,Standard
CS001,T021006115,AutoRAE Controller,FS19,Standard
CS002,T021006131,AutoRAE Controller,FS30,Standard
CS003,T021006116,AutoRAE Controller,FS20,Standard
CS004,T021006119,AutoRAE Controller,FS26,Standard
CS005,T021006118,AutoRAE Controller,FS27,Standard
CS006,T021006117,AutoRAE Controller,FS28,Standard
CS007,T021006160,AutoRAE Controller,FS23,Standard
CS008,T021006166,AutoRAE Controller,FS22,Standard
CS009,T021006444,AutoRAE Controller,FS82,Standard
CS010,T021009196,AutoRAE Controller,FS84,Standard
CS011,T021009184,AutoRAE Controller,FS85,Standard
CS012,T021006120,AutoRAE Controller,FS06,Standard
CS013,T021006111,AutoRAE Controller,FS05,Standard
CS014,T021006130,AutoRAE Controller,FS09,Standard
CS015,T021006114,AutoRAE Controller,FS11,Standard
CS016,T021006144,AutoRAE Controller,FS07,Standard
CS017,T021006432,AutoRAE Controller,FS12,Standard
CS018,T021008793,AutoRAE Controller,FS14,Standard
CS019,T021006431,AutoRAE Controller,FS15,Standard
CS020,T021008764,AutoRAE Controller,FS80,Standard
CS021,T021009197,AutoRAE Controller,FS81,Standard
CS022,T021006430,AutoRAE Controller,FS16,Standard
CS023,T021008791,AutoRAE Controller,FS47,Standard
CS024,T021008796,AutoRAE Controller,FS45,Standard
CS025,T021008794,AutoRAE Controller,FS42,Standard
CS026,T021006139,AutoRAE Controller,FS40,Standard
CS027,T021009211,AutoRAE Controller,FS57,Standard
CS028,T021006441,AutoRAE Controller,FS58,Standard
CS029,T021006154,AutoRAE Controller,FS59,Standard
CS030,T021006440,AutoRAE Controller,FS43,Standard
CS031,T021006121,AutoRAE Controller,FS44,Standard
CS032,T021006153,AutoRAE Controller,FS51,Standard
CS033,T021006137,AutoRAE Controller,FS41,Standard
CS034,T021006152,AutoRAE Controller,FS52,Standard
CS035,T021006146,AutoRAE Controller,FS48,Standard
CS036,T021009103,AutoRAE Controller,FS54,Standard
CS037,T021009100,AutoRAE Controller,FS53,Standard
CS038,T021009097,AutoRAE Controller,FS56,Standard
CS039,T021009096,AutoRAE Controller,FS55,Standard
CS040,T021008799,AutoRAE Controller,FS31,Standard
CS041,T021006148,AutoRAE Controller,FS29,Standard
CS042,T021008780,AutoRAE Controller,FS25,Standard
CS043,T021006135,AutoRAE Controller,FS34,Standard
CS044,T021006145,AutoRAE Controller,FS33,Standard
CS045,T021006129,AutoRAE Controller,FS32,Standard
CS046,T021006165,AutoRAE Controller,FS24,Standard
CS047,T021009098,AutoRAE Controller,FS86,Standard
CS048,T021009187,AutoRAE Controller,FS89,Standard
CS049,T021009192,AutoRAE Controller,FS90,Standard
CS050,T021000782,AutoRAE Controller,FS10,Standard
CS051,T0210016Q5,AutoRAE Controller,FS10,Standard
CS052,T021006133,AutoRAE Controller,FS13,Standard
CS053,T021005596,AutoRAE Controller,FS04,Standard
CS054,T0210019Q1,AutoRAE Controller,FS03,Standard
CS055,T021006451,AutoRAE Controller,FS18,Standard
CS056,T0210009Q3,AutoRAE Controller,FS02,Standard
CS057,T021006162,AutoRAE Controller,FS50,Standard
CS058,T0210007Q3,AutoRAE Controller,FS01,Standard
CS059,T0210007Q5,AutoRAE Controller,FS38,Standard
CS060,T021009085,AutoRAE Controller,FS39,Standard
CS061,T021006198,AutoRAE Controller,FS35,Standard
CS062,T021008762,AutoRAE Controller,FS77,Standard
CS063,T021006164,AutoRAE Controller,FS78,Standard
CS064,T021008800,AutoRAE Controller,FS79,Standard
CS065,T021009104,AutoRAE Controller,FS76,Standard
CS066,T021009107,AutoRAE Controller,FS75,Standard
CS067,T021009102,AutoRAE Controller,FS74,Standard
CS068,T021009183,AutoRAE Controller,FS66,Standard
CS069,T021009186,AutoRAE Controller,FS64,Standard
CS070,T021009189,AutoRAE Controller,FS63,Standard
CS071,T021009194,AutoRAE Controller,FS62,Standard
CS072,T021009177,AutoRAE Controller,FS61,Standard
CS073,T021009125,AutoRAE Controller,FS71,Standard
CS074,T021009190,AutoRAE Controller,FS70,Standard
CS075,T021009111,AutoRAE Controller,FS67,Standard
CS076,T021009099,AutoRAE Controller,FS73,Standard
CS077,T021009188,AutoRAE Controller,FS72,Standard
CS078,T021009122,AutoRAE Controller,FS68,Standard
CS079,T021009185,AutoRAE Controller,FS87,Standard
CS080,T021009195,AutoRAE Controller,FS91,Standard
CS081,T021009181,AutoRAE Controller,FS92,Standard
CS082,T021009182,AutoRAE Controller,FS93,Standard
CS083,T021009179,AutoRAE Controller,FS94,Standard
CS084,T021009199,AutoRAE Controller,FS95,Standard
CS085,T021009191,AutoRAE Controller,Academy,Standard
CC001,T028001323,AutoRAE MicroRAE,FS19,Standard
CC002,T028001178,AutoRAE MicroRAE,FS30,Standard
CC003,T028001180,AutoRAE MicroRAE,FS20,Standard
CC004,T028001344,AutoRAE MicroRAE,FS26,Standard
CC005,T028001702,AutoRAE MicroRAE,FS27,Standard
CC006,T028001351,AutoRAE MicroRAE,FS28,Standard
CC007,T028001216,AutoRAE MicroRAE,FS23,Standard
CC008,T028001675,AutoRAE MicroRAE,FS22,Standard
CC009,T028002449,AutoRAE MicroRAE,FS82,Standard
CC010,T028001181,AutoRAE MicroRAE,FS84,Standard
CC011,T028002454,AutoRAE MicroRAE,FS85,Standard
CC012,T028001233,AutoRAE MicroRAE,FS06,Standard
CC013,T028001698,AutoRAE MicroRAE,FS05,Standard
CC014,T028001335,AutoRAE MicroRAE,FS09,Standard
CC015,T028001405,AutoRAE MicroRAE,FS11,Standard
CC016,T028001255,AutoRAE MicroRAE,FS07,Standard
CC017,T028001687,AutoRAE MicroRAE,FS12,Standard
CC018,T028001299,AutoRAE MicroRAE,FS14,Standard
CC019,T028001316,AutoRAE MicroRAE,FS15,Standard
CC020,T028001196,AutoRAE MicroRAE,FS80,Standard
CC021,T028001212,AutoRAE MicroRAE,FS81,Standard
CC022,T028001357,AutoRAE MicroRAE,FS16,Standard
CC023,T028001194,AutoRAE MicroRAE,FS47,Standard
CC024,T028001240,AutoRAE MicroRAE,FS45,Standard
CC025,T028001250,AutoRAE MicroRAE,FS42,Standard
CC026,T028001319,AutoRAE MicroRAE,FS46,Standard
CC027,T028002441,AutoRAE MicroRAE,FS40,Standard
CC028,T028002668,AutoRAE MicroRAE,FS57,Standard
CC029,T028002658,AutoRAE MicroRAE,FS58,Standard
CC030,T028001391,AutoRAE MicroRAE,FS59,Standard
CC031,T028001388,AutoRAE MicroRAE,FS43,Standard
CC032,T028001252,AutoRAE MicroRAE,FS44,Standard
CC033,T028001184,AutoRAE MicroRAE,FS51,Standard
CC034,T028001257,AutoRAE MicroRAE,FS41,Standard
CC035,T028001407,AutoRAE MicroRAE,FS52,Standard
CC036,T028001211,AutoRAE MicroRAE,FS48,Standard
CC037,T028002666,AutoRAE MicroRAE,FS54,Standard
CC038,T028002644,AutoRAE MicroRAE,FS53,Standard
CC039,T028002656,AutoRAE MicroRAE,FS56,Standard
CC040,T028002685,AutoRAE MicroRAE,FS55,Standard
CC041,T028001703,AutoRAE MicroRAE,FS31,Standard
CC042,T028001358,AutoRAE MicroRAE,FS29,Standard
CC043,T028001340,AutoRAE MicroRAE,FS25,Standard
CC044,T028001231,AutoRAE MicroRAE,FS34,Standard
CC045,T028001683,AutoRAE MicroRAE,FS33,Standard
CC046,T028001202,AutoRAE MicroRAE,FS32,Standard
CC047,T028001343,AutoRAE MicroRAE,FS24,Standard
CC048,T028002683,AutoRAE MicroRAE,FS86,Standard
CC049,T028001087,AutoRAE MicroRAE,FS89,Standard
CC050,T028002677,AutoRAE MicroRAE,FS90,Standard
CC051,T028001321,AutoRAE MicroRAE,FS10,Standard
CC052,T028001387,AutoRAE MicroRAE,FS10,Standard
CC053,T028001258,AutoRAE MicroRAE,FS13,Standard
CC054,T028001313,AutoRAE MicroRAE,FS04,Standard
CC055,T028001254,AutoRAE MicroRAE,FS03,Standard
CC056,T028001083,AutoRAE MicroRAE,FS18,Standard
CC057,T028001410,AutoRAE MicroRAE,FS02,Standard
CC058,T028001325,AutoRAE MicroRAE,FS50,Standard
CC059,T028002457,AutoRAE MicroRAE,FS01,Standard
CC060,T028001338,AutoRAE MicroRAE,FS38,Standard
CC061,T028002446,AutoRAE MicroRAE,FS39,Standard
CC062,T028001348,AutoRAE MicroRAE,FS35,Standard
CC063,T028001296,AutoRAE MicroRAE,FS77,Standard
CC064,T028001311,AutoRAE MicroRAE,FS78,Standard
CC065,T028001336,AutoRAE MicroRAE,FS79,Standard
CC066,T028002678,AutoRAE MicroRAE,FS76,Standard
CC067,T028002659,AutoRAE MicroRAE,FS75,Standard
CC068,T028002635,AutoRAE MicroRAE,FS74,Standard
CC069,T028002655,AutoRAE MicroRAE,FS66,Standard
CC070,T028002631,AutoRAE MicroRAE,FS64,Standard
CC071,T028001332,AutoRAE MicroRAE,FS63,Standard
CC072,T028002676,AutoRAE MicroRAE,FS62,Standard
CC073,T028002687,AutoRAE MicroRAE,FS61,Standard
CC074,T028002647,AutoRAE MicroRAE,FS71,Standard
CC075,T028002626,AutoRAE MicroRAE,FS70,Standard
CC076,T028002648,AutoRAE MicroRAE,FS67,Standard
CC077,T028002653,AutoRAE MicroRAE,FS73,Standard
CC078,T028001236,AutoRAE MicroRAE,FS72,Standard
CC079,T028002670,AutoRAE MicroRAE,FS68,Standard
CC080,T028002452,AutoRAE MicroRAE,FS87,Standard
CC081,T028002665,AutoRAE MicroRAE,FS91,Standard
CC082,T028002664,AutoRAE MicroRAE,FS92,Standard
CC083,T028002623,AutoRAE MicroRAE,FS93,Standard
CC084,T028001403,AutoRAE MicroRAE,FS94,Standard
CC085,T028001399,AutoRAE MicroRAE,FS95,Standard
CC086,T028002642,AutoRAE MicroRAE,Academy,Standard
CC087,T028001323,AutoRAE MicroRAE,FS19,Standard
CC088,T028001178,AutoRAE MicroRAE,FS30,Standard
CC089,T028001180,AutoRAE MicroRAE,FS20,Standard
CC090,T028001344,AutoRAE MicroRAE,FS26,Standard
CC091,T028001702,AutoRAE MicroRAE,FS27,Standard
CC092,T028001351,AutoRAE MicroRAE,FS28,Standard
CC093,T028001216,AutoRAE MicroRAE,FS23,Standard
CC094,T028001675,AutoRAE MicroRAE,FS22,Standard
CC095,T028002449,AutoRAE MicroRAE,FS82,Standard
CC096,T028001181,AutoRAE MicroRAE,FS84,Standard
CC097,T028002454,AutoRAE MicroRAE,FS85,Standard
CC098,T028001233,AutoRAE MicroRAE,FS06,Standard
CC099,T028001698,AutoRAE MicroRAE,FS05,Standard
CC0100,T028001335,AutoRAE MicroRAE,FS09,Standard
CC0101,T028001405,AutoRAE MicroRAE,FS11,Standard
CC0102,T028001255,AutoRAE MicroRAE,FS07,Standard
CC0103,T028001687,AutoRAE MicroRAE,FS12,Standard
CC0104,T028001299,AutoRAE MicroRAE,FS14,Standard
CC0105,T028001316,AutoRAE MicroRAE,FS15,Standard
CC0106,T028001196,AutoRAE MicroRAE,FS80,Standard
CC0107,T028001212,AutoRAE MicroRAE,FS81,Standard
CC0108,T028001357,AutoRAE MicroRAE,FS16,Standard
CC0109,T028001194,AutoRAE MicroRAE,FS47,Standard
CC0110,T028001240,AutoRAE MicroRAE,FS45,Standard
CC0111,T028001250,AutoRAE MicroRAE,FS42,Standard
CC0112,T028001319,AutoRAE MicroRAE,FS46,Standard
CC0113,T028002441,AutoRAE MicroRAE,FS40,Standard
CC0114,T028002668,AutoRAE MicroRAE,FS57,Standard
CC0115,T028002658,AutoRAE MicroRAE,FS58,Standard
CC0116,T028001391,AutoRAE MicroRAE,FS59,Standard
CC0117,T028001388,AutoRAE MicroRAE,FS43,Standard
CC0118,T028001252,AutoRAE MicroRAE,FS44,Standard
CC0119,T028001184,AutoRAE MicroRAE,FS51,Standard
CC0120,T028001257,AutoRAE MicroRAE,FS41,Standard
CC0121,T028001407,AutoRAE MicroRAE,FS52,Standard
CC0122,T028001211,AutoRAE MicroRAE,FS48,Standard
CC0123,T028002666,AutoRAE MicroRAE,FS54,Standard
CC0124,T028002644,AutoRAE MicroRAE,FS53,Standard
CC0125,T028002656,AutoRAE MicroRAE,FS56,Standard
CC0126,T028002685,AutoRAE MicroRAE,FS55,Standard
CC0127,T028001703,AutoRAE MicroRAE,FS31,Standard
CC0128,T028001358,AutoRAE MicroRAE,FS29,Standard
CC0129,T028001340,AutoRAE MicroRAE,FS25,Standard
CC0130,T028001231,AutoRAE MicroRAE,FS34,Standard
CC0131,T028001683,AutoRAE MicroRAE,FS33,Standard
CC0132,T028001202,AutoRAE MicroRAE,FS32,Standard
CC0133,T028001343,AutoRAE MicroRAE,FS24,Standard
CC0134,T028002683,AutoRAE MicroRAE,FS86,Standard
CC0135,T028001087,AutoRAE MicroRAE,FS89,Standard
CC0136,T028002677,AutoRAE MicroRAE,FS90,Standard
CC0137,T028001321,AutoRAE MicroRAE,FS10,Standard
CC0138,T028001387,AutoRAE MicroRAE,FS10,Standard
CC0139,T028001258,AutoRAE MicroRAE,FS13,Standard
CC0140,T028001313,AutoRAE MicroRAE,FS04,Standard
CC0141,T028001254,AutoRAE MicroRAE,FS03,Standard
CC0142,T028001083,AutoRAE MicroRAE,FS18,Standard
CC0143,T028001410,AutoRAE MicroRAE,FS02,Standard
CC0144,T028001325,AutoRAE MicroRAE,FS50,Standard
CC0145,T028002457,AutoRAE MicroRAE,FS01,Standard
CC0146,T028001338,AutoRAE MicroRAE,FS38,Standard
CC0147,T028002446,AutoRAE MicroRAE,FS39,Standard
CC0148,T028001348,AutoRAE MicroRAE,FS35,Standard
CC0149,T028001296,AutoRAE MicroRAE,FS77,Standard
CC0150,T028001311,AutoRAE MicroRAE,FS78,Standard
CC0151,T028001336,AutoRAE MicroRAE,FS79,Standard
CC0152,T028002678,AutoRAE MicroRAE,FS76,Standard
CC0153,T028002659,AutoRAE MicroRAE,FS75,Standard
CC0154,T028002635,AutoRAE MicroRAE,FS74,Standard
CC0155,T028002655,AutoRAE MicroRAE,FS66,Standard
CC0156,T028002631,AutoRAE MicroRAE,FS64,Standard
CC0157,T028001332,AutoRAE MicroRAE,FS63,Standard
CC0158,T028002676,AutoRAE MicroRAE,FS62,Standard
CC0159,T028002687,AutoRAE MicroRAE,FS61,Standard
CC0160,T028002647,AutoRAE MicroRAE,FS71,Standard
CC0161,T028002626,AutoRAE MicroRAE,FS70,Standard
CC0162,T028002648,AutoRAE MicroRAE,FS67,Standard
CC0163,T028002653,AutoRAE MicroRAE,FS73,Standard
CC0164,T028001236,AutoRAE MicroRAE,FS72,Standard
CC0165,T028002670,AutoRAE MicroRAE,FS68,Standard
CC0166,T028002452,AutoRAE MicroRAE,FS87,Standard
CC0167,T028002665,AutoRAE MicroRAE,FS91,Standard
CC0168,T028002664,AutoRAE MicroRAE,FS92,Standard
CC0169,T028002623,AutoRAE MicroRAE,FS93,Standard
CC0170,T028001403,AutoRAE MicroRAE,FS94,Standard
CC0171,T028001399,AutoRAE MicroRAE,FS95,Standard
CC0172,T028002642,AutoRAE MicroRAE,Academy,Standard
CC0173,T028001315,AutoRAE MicroRAE,FS20,Standard
CC0174,T028001397,AutoRAE MicroRAE,FS26,Standard
CC0175,T028001261,AutoRAE MicroRAE,FS27,Standard
CC0176,T028001694,AutoRAE MicroRAE,FS22,Standard
CC0177,T028001682,AutoRAE MicroRAE,FS09,Standard
CC0178,T028001705,AutoRAE MicroRAE,FS07,Standard
CC0179,T028001322,AutoRAE MicroRAE,FS14,Standard
CC0180,T028001226,AutoRAE MicroRAE,FS42,Standard
CC0181,T028002447,AutoRAE MicroRAE,FS59,Standard
CC0182,T028001203,AutoRAE MicroRAE,FS44,Standard
CC0183,T028001345,AutoRAE MicroRAE,FS51,Standard
CC0184,T028002654,AutoRAE MicroRAE,FS56,Standard
CC0185,T028001234,AutoRAE MicroRAE,FS31,Standard
CC0186,T028001347,AutoRAE MicroRAE,FS25,Standard
CC0187,T028001206,AutoRAE MicroRAE,FS34,Standard
CC0188,T028001245,AutoRAE MicroRAE,FS10,Standard
CC0189,T028001200,AutoRAE MicroRAE,FS03,Standard
CC0190,T028001215,AutoRAE MicroRAE,FS02,Standard
CC0191,T028001327,AutoRAE MicroRAE,FS01,Standard
CC0192,T028001414,AutoRAE MicroRAE,FS38,Standard
CC0193,T028001337,AutoRAE MicroRAE,FS35,Standard
CC0194,T028001235,AutoRAE MicroRAE,FS77,Standard
CC0195,T028001395,AutoRAE MicroRAE,FS78,Standard
CC0196,T028002599,AutoRAE MicroRAE,FS76,Standard
CC0197,T028002686,AutoRAE MicroRAE,FS75,Standard
CC0198,T028001339,AutoRAE MicroRAE,FS63,Standard
CC0199,T028002641,AutoRAE MicroRAE,FS62,Standard
CC0200,T028002651,AutoRAE MicroRAE,FS61,Standard
CC0201,T028002639,AutoRAE MicroRAE,FS70,Standard
CC0202,T028002673,AutoRAE MicroRAE,FS67,Standard
CC0203,T028002627,AutoRAE MicroRAE,FS73,Standard
CC0204,T028002438,AutoRAE MicroRAE,FS72,Standard
CC0205,T028002674,AutoRAE MicroRAE,FS68,Standard
CC0206,T028002460,AutoRAE MicroRAE,FS87,Standard
CC0207,T028002689,AutoRAE MicroRAE,FS91,Standard
CC0208,T028001241,AutoRAE MicroRAE,FS20,Standard
CC0209,T028001320,AutoRAE MicroRAE,FS26,Standard
CC0210,T028001385,AutoRAE MicroRAE,FS27,Standard
CC0211,T028001213,AutoRAE MicroRAE,FS22,Standard
CC0212,T028001678,AutoRAE MicroRAE,FS09,Standard
CC0213,T028001354,AutoRAE MicroRAE,FS07,Standard
CC0214,T028001242,AutoRAE MicroRAE,FS14,Standard
CC0215,T028001326,AutoRAE MicroRAE,FS42,Standard
CC0216,T028001251,AutoRAE MicroRAE,FS59,Standard
CC0217,T028001222,AutoRAE MicroRAE,FS44,Standard
CC0218,T028001297,AutoRAE MicroRAE,FS51,Standard
CC0219,T028002600,AutoRAE MicroRAE,FS56,Standard
CC0220,T028001342,AutoRAE MicroRAE,FS31,Standard
CC0221,T028001329,AutoRAE MicroRAE,FS25,Standard
CC0222,T028001308,AutoRAE MicroRAE,FS34,Standard
CC0223,T028001195,AutoRAE MicroRAE,FS10,Standard
CC0224,T028001406,AutoRAE MicroRAE,FS03,Standard
CC0225,T028001197,AutoRAE MicroRAE,FS02,Standard
CC0226,T028001383,AutoRAE MicroRAE,FS01,Standard
CC0227,T028001298,AutoRAE MicroRAE,FS38,Standard
CC0228,T028002451,AutoRAE MicroRAE,FS35,Standard
CC0229,T028001248,AutoRAE MicroRAE,FS77,Standard
CC0230,T028001205,AutoRAE MicroRAE,FS78,Standard
CC0231,T028002603,AutoRAE MicroRAE,FS76,Standard
CC0232,T028002604,AutoRAE MicroRAE,FS75,Standard
CC0233,T028001305,AutoRAE MicroRAE,FS63,Standard
CC0234,T028002690,AutoRAE MicroRAE,FS62,Standard
CC0235,T028002630,AutoRAE MicroRAE,FS61,Standard
CC0236,T028002638,AutoRAE MicroRAE,FS70,Standard
CC0237,T028002622,AutoRAE MicroRAE,FS67,Standard
CC0238,T028002667,AutoRAE MicroRAE,FS73,Standard
CC0239,T028001391,AutoRAE MicroRAE,FS72,Standard
CC0240,T028002633,AutoRAE MicroRAE,FS68,Standard
CC0241,T028001352,AutoRAE MicroRAE,FS87,Standard
CC0242,T028002634,AutoRAE MicroRAE,FS91,Standard
