label,maintenance_type,due_date
PGM-001,Routine Service,2026-03-18
PGM-002,Routine Service,2026-07-14
PGM-003,Routine Service,2026-01-29
PGM-004,Routine Service,2026-06-17
PGM-006,Routine Service,2025-11-13
PGM-007,Routine Service,2026-05-20
PGM-008,Routine Service,2026-08-07
PGM-009,Routine Service,2025-11-26
PGM-010,Routine Service,2026-05-20
PGM-011,Routine Service,2026-08-06
PGM-012,Routine Service,2025-07-10
PGM-014,Routine Service,2025-08-25
PGM-015,Routine Service,2026-03-16
PGM-016,Routine Service,2025-11-13
PGM-017,Routine Service,2026-03-30
PGM-018,Routine Service,2026-03-16
PGM-019,Routine Service,2026-05-20
PGM-020,Routine Service,2026-04-23
PGM-021,Routine Service,2026-05-26
PGM-022,Routine Service,2026-10-03
PGM-023,Routine Service,2026-03-16
PGM-024,Routine Service,2026-04-22
PGM-025,Routine Service,2026-03-18
PGM-026,Routine Service,2026-02-06
PGM-027,Routine Service,2026-07-28
PGM-028,Routine Service,2026-05-20
PGM-029,Routine Service,2026-04-27
PGM-030,Routine Service,2026-04-06
PGM-032,Routine Service,2026-04-27
PGM-033,Routine Service,2025-11-14
PGM-034,Routine Service,2026-02-06
PGM-035,Routine Service,2026-05-17
PGM-036,Routine Service,2026-01-29
PGM-037,Routine Service,2025-08-10
PGM-038,Routine Service,2025-09-24
PGM-039,Routine Service,2026-02-06
PGM-040,Routine Service,2026-06-29
PGM-041,Routine Service,2025-07-10
PGM-042,Routine Service,2026-07-14
PGM-043,Routine Service,2026-07-28
PGM-044,Routine Service,2026-04-21
PGM-045,Routine Service,2026-04-28
PGM-046,Routine Service,2026-01-31
PGM-047,Routine Service,2026-07-14
PGM-049,Routine Service,2025-08-07
PGM-050,Routine Service,2025-11-15
PGM-053,Routine Service,2026-04-28
PGM-054,Routine Service,2025-09-25
PGM-055,Routine Service,2026-07-19
PGM-057,Routine Service,2026-07-19
PGM-058,Routine Service,2026-02-18
PGM-059,Routine Service,2026-12-07
PGM-062,Routine Service,2026-05-17
PGM-063,Routine Service,2026-05-17
PGM-065,Routine Service,2026-04-06
PGM-066,Routine Service,2026-01-31
PGM-068,Routine Service,2026-01-03
PGM-069,Routine Service,2026-01-30
PGM-070,Routine Service,2026-03-04
PGM-072,Routine Service,2026-04-22
PGM-073,Routine Service,2025-11-26
PGM-074,Routine Service,2026-07-13
PGM-075,Routine Service,2026-04-28
PGM-076,Routine Service,2026-06-29
PGM-077,Routine Service,2025-07-05
PGM-078,Routine Service,2026-08-06
PGM-079,Routine Service,2025-11-13
PGM-080,Routine Service,2026-03-15
PGM-081,Routine Service,2026-01-31
PGM-082,Routine Service,2026-04-27
PGM-083,Routine Service,2026-03-08
PGM-084,Routine Service,2026-03-18
PGM-086,Routine Service,2025-12-11
PGM-087,Routine Service,2026-05-17
PGM-090,Routine Service,2026-05-07
PGM-091,Routine Service,2026-10-03
PGM-093,Routine Service,2026-11-02
PGM-094,Routine Service,2026-04-21
PGM-095,Routine Service,2026-07-19
PGM-096,Routine Service,2025-05-20
PGM-097,Routine Service,2026-08-06
PGM-100,Routine Service,2026-03-18
PGM-101,Routine Service,2026-07-13
PGM-102,Routine Service,2026-08-07
PGM-103,Routine Service,2026-04-28
PGM-104,Routine Service,2025-07-21
PGM-105,Routine Service,2026-04-28
PGM-106,Routine Service,2026-02-06
PGM-107,Routine Service,2026-05-20
PGM-108,Routine Service,2026-01-31
PGM-110,Routine Service,2026-08-07
PGM-111,Routine Service,2026-02-06
PGM-113,Routine Service,2026-07-13
PGM-114,Routine Service,2026-02-20
PGM-115,Routine Service,2026-05-07
PGM-116,Routine Service,2026-05-07
PGM-117,Routine Service,2026-02-20
PGM-118,Routine Service,2026-04-27
PGM-119,Routine Service,2025-10-17
PGM-122,Routine Service,2026-02-06
PGM-124,Routine Service,2026-01-31
PGM-126,Routine Service,2025-08-07
PGM-127,Routine Service,2025-12-11
PGM-128,Routine Service,2025-07-21
PGM-129,Routine Service,2026-01-31
PGM-130,Routine Service,2026-12-07
PGM-131,Routine Service,2026-03-18
PGM-132,Routine Service,2026-08-07
PGM-133,Routine Service,2026-03-06
PGM-134,Routine Service,2025-02-12
PGM-136,Routine Service,2026-12-07
PGM-139,Routine Service,2026-03-06
PGM-140,Routine Service,2026-02-06
PGM-141,Routine Service,2025-07-21
PGM-142,Routine Service,2026-02-06
PGM-143,Routine Service,2025-07-22
PGM-144,Routine Service,2026-06-17
PGM-145,Routine Service,2026-05-07
PGM-146,Routine Service,2026-03-06
PGM-147,Routine Service,2026-02-20
PGM-148,Routine Service,2025-09-24
PGM-150,Routine Service,2025-06-05
PGM-151,Routine Service,2025-09-24
PGM-152,Routine Service,2025-10-23
PGM-154,Routine Service,2026-08-06
PGM-156,Routine Service,2026-12-05
PGM-157,Routine Service,2025-11-14
PGM-160,Routine Service,2025-10-30
PGM-162,Routine Service,2026-04-23
PGM-163,Routine Service,2026-03-19
PGM-164,Routine Service,2026-01-25
PGM-165,Routine Service,2026-08-06
PGM-167,Routine Service,2026-03-19
PGM-169,Routine Service,2025-11-12
PGM-171,Routine Service,2026-05-13
PGM-172,Routine Service,2026-02-06
PGM-173,Routine Service,2026-05-07
PGM-174,Routine Service,2026-01-31
PGM-175,Routine Service,2026-05-20
PGM-176,Routine Service,2026-04-28
PGM-178,Routine Service,2026-05-07
PGM-179,Routine Service,2026-04-28
PGM-180,Routine Service,2026-03-16
PGM-181,Routine Service,2026-03-18
PGM-182,Routine Service,2025-05-11
PGM-183,Routine Service,2026-01-14
PGM-184,Routine Service,2026-12-05
PGM-185,Routine Service,2026-06-22
PGM-186,Routine Service,2026-08-06
PGM-187,Routine Service,2026-02-06
PGM-188,Routine Service,2026-03-18
PGM-189,Routine Service,2025-05-12
PGM-190,Routine Service,2026-03-16
PGM-191,Routine Service,2026-04-08
PGM-193,Routine Service,2026-10-03
PGM-195,Routine Service,2026-03-18
PGM-196,Routine Service,2026-05-07
PGM-197,Routine Service,2025-03-09
PGM-199,Routine Service,2026-05-20
PGM-200,Routine Service,2026-08-07
PGM-201,Routine Service,2025-11-22
PGM-202,Routine Service,2025-11-22
PGM-203,Routine Service,2026-04-27
PGM-204,Routine Service,2026-02-06
PGM-205,Routine Service,2026-04-03
PGM-206,Routine Service,2026-02-06
PGM-207,Routine Service,2026-08-07
PGM-209,Routine Service,2026-05-17
PGM-210,Routine Service,2025-09-30
PGM-211,Routine Service,2026-05-20
PGM-212,Routine Service,2026-03-16
PGM-213,Routine Service,2026-06-17
PGM-214,Routine Service,2025-12-11
PGM-215,Routine Service,2026-07-13
PGM-216,Routine Service,2026-05-17
PGM-217,Routine Service,2026-08-06
PGM-218,Routine Service,2026-04-06
PGM-219,Routine Service,2025-07-15
PGM-220,Routine Service,2025-11-13
PGM-221,Routine Service,2026-07-14
PGM-224,Routine Service,2025-10-22
PGM-225,Routine Service,2026-12-05
PGM-227,Routine Service,2026-04-23
PGM-228,Routine Service,2026-07-28
PGM-229,Routine Service,2026-05-20
PGM-230,Routine Service,2026-02-06
PGM-231,Routine Service,2026-05-17
PGM-232,Routine Service,2025-05-20
PGM-233,Routine Service,2026-03-06
PGM-234,Routine Service,2026-05-17
PGM-235,Routine Service,2025-11-26
PGM-237,Routine Service,2026-08-07
PGM-238,Routine Service,2026-02-08
PGM-239,Routine Service,2025-10-23
PGM-240,Routine Service,2026-01-29
PGM-241,Routine Service,2026-08-06
PGM-242,Routine Service,2026-03-06
PGM-244,Routine Service,2025-05-20
PGM-245,Routine Service,2026-01-29
PGM-246,Routine Service,2026-02-06
PGM-247,Routine Service,2025-02-11
PGM-248,Routine Service,2025-09-24
PGM-249,Routine Service,2026-05-24
PGM-251,Routine Service,2026-07-28
PGM-252,Routine Service,2026-08-07
PGM-254,Routine Service,2025-02-12
PGM-255,Routine Service,2026-04-30
PGM-256,Routine Service,2026-02-20
PGM-257,Routine Service,2025-09-24
PGM-258,Routine Service,2026-12-07
PGM-259,Routine Service,2025-05-21
PGM-261,Routine Service,2026-06-29
PGM-262,Routine Service,2026-05-20
PGM-264,Routine Service,2026-04-06
PGM-265,Routine Service,2026-03-06
PGM-266,Routine Service,2026-03-06
PGM-268,Routine Service,2026-02-06
PGM-269,Routine Service,2026-01-31
PGM-270,Routine Service,2026-04-06
PGM-272,Routine Service,2025-05-09
PGM-273,Routine Service,2026-05-20
PGM-274,Routine Service,2025-11-12
PGM-275,Routine Service,2025-05-18
PGM-278,Routine Service,2026-12-07
PGM-281,Routine Service,2026-06-02
PGM-283,Routine Service,2025-11-12
PGM-284,Routine Service,2026-05-17
PGM-286,Routine Service,2026-10-03
PGM-287,Routine Service,2026-08-07
PGM-288,Routine Service,2026-04-22
PGM-289,Routine Service,2025-06-05
PGM-290,Routine Service,2026-01-30
PGM-291,Routine Service,2026-03-18
PGM-292,Routine Service,2026-07-19
PGM-293,Routine Service,2025-09-25
PGM-294,Routine Service,2026-04-03
PGM-295,Routine Service,2026-06-17
PGM-296,Routine Service,2026-01-30
PGM-297,Routine Service,2025-05-22
PGM-298,Routine Service,2026-07-19
PGM-299,Routine Service,2025-05-29
PGM-300,Routine Service,2026-05-26
PGM-301,Routine Service,2026-04-08
PGM-302,Routine Service,2025-02-12
PGM-303,Routine Service,2026-12-07
PGM-304,Routine Service,2026-03-16
PGM-305,Routine Service,2026-06-29
PGM-306,Routine Service,2026-01-31
PGM-307,Routine Service,2026-04-03
PGM-308,Routine Service,2026-02-06
PGM-309,Routine Service,2026-08-07
PGM-311,Routine Service,2025-05-12
PGM-312,Routine Service,2026-08-06
PGM-313,Routine Service,2026-01-30
PGM-315,Routine Service,2026-07-28
PGM-316,Routine Service,2026-03-18
PGM-317,Routine Service,2026-08-07
PGM-318,Routine Service,2026-12-05
PGM-320,Routine Service,2025-12-11
PGM-321,Routine Service,2026-04-06
PGM-322,Routine Service,2025-07-10
PGM-323,Routine Service,2025-05-21
PGM-324,Routine Service,2025-07-15
PGM-325,Routine Service,2026-04-22
PGM-326,Routine Service,2026-02-08
PGM-327,Routine Service,2026-02-20
PGM-328,Routine Service,2026-02-06
PGM-331,Routine Service,2025-05-12
PGM-332,Routine Service,2026-08-06
PGM-334,Routine Service,2026-02-20
PGM-335,Routine Service,2026-08-06
PGM-336,Routine Service,2026-03-18
PGM-337,Routine Service,2025-04-28
PGM-338,Routine Service,2025-02-11
PGM-339,Routine Service,2025-08-10
PGM-340,Routine Service,2026-07-29
PGM-341,Routine Service,2026-02-04
PGM-342,Routine Service,2026-05-17
PGM-343,Routine Service,2026-04-20
PGM-344,Routine Service,2027-05-19
PGM-345,Routine Service,2026-05-17
PGM-346,Routine Service,2025-05-12
PGM-347,Routine Service,2026-04-28
PGM-348,Routine Service,2026-04-27
PGM-349,Routine Service,2026-06-22
PGM-350,Routine Service,2026-02-06
PGM-351,Routine Service,2026-05-13
PGM-352,Routine Service,2026-03-18
PGM-353,Routine Service,2026-08-06
PGM-354,Routine Service,2026-03-06
PGM-355,Routine Service,2026-01-04
PGM-356,Routine Service,2026-01-04
PGM-357,Routine Service,2025-05-26
PGM-358,Routine Service,2026-08-06
PGM-360,Routine Service,2026-05-26
PGM-361,Routine Service,2025-11-13
PGM-362,Routine Service,2026-04-28
PGM-363,Routine Service,2026-05-17
PGM-364,Routine Service,2025-09-25
PGM-365,Routine Service,2026-06-29
PGM-366,Routine Service,2025-08-25
PGM-367,Routine Service,2026-05-17
PGM-368,Routine Service,2025-09-24
PGM-369,Routine Service,2025-11-27
PGM-370,Routine Service,2026-12-05
PGM-371,Routine Service,2025-05-21
PGM-372,Routine Service,2025-03-09
PGM-373,Routine Service,2026-06-29
PGM-375,Routine Service,2026-06-29
PGM-376,Routine Service,2026-02-25
PGM-377,Routine Service,2026-02-08
PGM-378,Routine Service,2026-05-07
PGM-380,Routine Service,2026-05-17
PGM-381,Routine Service,2026-06-17
PGM-382,Routine Service,2026-04-30
PGM-383,Routine Service,2025-08-07
PGM-384,Routine Service,2026-01-01
PGM-385,Routine Service,2026-03-06
PGM-386,Routine Service,2026-05-26
PGM-387,Routine Service,2026-02-06
PGM-388,Routine Service,2025-08-07
PGM-389,Routine Service,2026-05-13
PGM-390,Routine Service,2026-01-04
PGM-391,Routine Service,2026-03-18
PGM-392,Routine Service,2026-02-06
PGM-393,Routine Service,2026-05-07
PGM-394,Routine Service,2026-03-04
PGM-395,Routine Service,2025-09-20
PGM-396,Routine Service,2025-11-21
PGM-397,Routine Service,2025-09-20
PGM-398,Routine Service,2026-01-29
PGM-399,Routine Service,2025-11-13
PGM-400,Routine Service,2026-01-28
PGM-401,Routine Service,2025-05-29
PGM-402,Routine Service,2025-05-29
PGM-403,Routine Service,2026-03-18
PGM-404,Routine Service,2026-05-13
PGM-405,Routine Service,2025-10-22
PGM-406,Routine Service,2026-05-17
PGM-407,Routine Service,2025-05-29
PGM-408,Routine Service,2025-05-29
PGM-409,Routine Service,2026-02-06
PGM-410,Routine Service,2025-05-29
PGM-411,Routine Service,2026-10-03
PGM-412,Routine Service,2026-06-07
PGM-413,Routine Service,2025-08-10
PGM-414,Routine Service,2025-11-26
PGM-415,Routine Service,2025-02-06
PGM-416,Routine Service,2026-02-25
PGM-417,Routine Service,2026-03-08
PGM-418,Routine Service,2025-02-06
PGM-419,Routine Service,2026-03-08
PGM-420,Routine Service,2026-03-08
PGM-421,Routine Service,2026-03-08
PGM-422,Routine Service,2026-06-29
PGM-423,Routine Service,2025-11-12
PGM-424,Routine Service,2026-04-22
PGM-425,Routine Service,2026-03-08
PGM-426,Routine Service,2026-02-25
PGM-427,Routine Service,2025-12-16
PGM-428,Routine Service,2025-12-16
PGM-429,Routine Service,2026-03-08
PGM-430,Routine Service,2026-05-07
PGM-431,Routine Service,2025-08-07
PGM-432,Routine Service,2026-12-07
PGM-433,Routine Service,2026-10-03
PGM-434,Routine Service,2026-07-14
PGM-436,Routine Service,2025-11-09
PGM-437,Routine Service,2026-03-08
PGM-438,Routine Service,2025-11-26
PGM-439,Routine Service,2025-11-15
PGM-440,Routine Service,2026-01-29
PGM-441,Routine Service,2026-04-13
PGM-442,Routine Service,2025-02-12
PGM-443,Routine Service,2025-12-26
PGM-444,Routine Service,2026-08-06
PGM-445,Routine Service,2026-07-28
PGM-446,Routine Service,2025-12-26
PGM-447,Routine Service,2025-12-26
PGM-448,Routine Service,2025-12-26
PGM-449,Routine Service,2026-06-17
PGM-450,Routine Service,2025-12-26
PGM-451,Routine Service,2026-06-22
PGM-452,Routine Service,2026-09-01
PGM-453,Routine Service,2026-09-01
PGM-454,Routine Service,2026-06-07
PGM-455,Routine Service,2026-04-06
PGM-456,Routine Service,2026-04-08
PGM-457,Routine Service,2026-09-01
PGM-458,Routine Service,2026-09-01
PGM-459,Routine Service,2026-07-13
PGM-460,Routine Service,2026-06-17
PGM-461,Routine Service,2026-08-06
PGM-462,Routine Service,2026-09-01
PGM-463,Routine Service,2026-09-01
PGM-464,Routine Service,2026-09-01
PGM-465,Routine Service,2026-06-29
PGM-466,Routine Service,2026-01-14
PGM-467,Routine Service,2026-08-07
PGM-468,Routine Service,2026-06-17
PGM-469,Routine Service,2026-01-31
PGM-470,Routine Service,2026-06-02
PGM-471,Routine Service,2026-06-02
PGM-472,Routine Service,2026-04-02
PGM-473,Routine Service,2026-04-30
PGM-474,Routine Service,2026-11-02
PGM-475,Routine Service,2026-01-31
PGM-476,Routine Service,2026-07-29
PGM-478,Routine Service,2026-02-06
PGM-481,Routine Service,2026-01-04
PGM-526,Routine Service,2026-05-17
PGM-527,Routine Service,2026-05-17
PGM-528,Routine Service,2026-05-17
PGM-550,Routine Service,2026-06-04
PGM-551,Routine Service,2026-06-04
PGM-552,Routine Service,2026-06-04
PGM-553,Routine Service,2026-04-20
PGM-554,Routine Service,2026-04-20
PGM-555,Routine Service,2026-04-20
PGM-556,Routine Service,2026-04-20
PGM-557,Routine Service,2026-04-21
PGM-558,Routine Service,2026-04-21
PGM-559,Routine Service,2026-04-21
PGM-560,Routine Service,2026-04-21
PGM-561,Routine Service,2026-04-22
PGM-562,Routine Service,2026-03-06
PGM-563,Routine Service,2026-04-06
PGM-565,Routine Service,2026-06-29
PGM-566,Routine Service,2026-06-29
PGM-568,Routine Service,2026-06-29
PGM-569,Routine Service,2026-05-07
PGM-570,Routine Service,2026-06-29
PGM-572,Routine Service,2026-06-29
PGM-573,Routine Service,2026-06-29
PGM-574,Routine Service,2026-06-29
PGM-575,Routine Service,2026-06-29
PGM-576,Routine Service,2026-06-29
PGM-577,Routine Service,2026-06-29
PGM-578,Routine Service,2026-06-29
PGM-579,Routine Service,2026-06-29
PGM-580,Routine Service,2026-06-29
PGM-581,Routine Service,2026-12-07
PGM-582,Routine Service,2026-08-07
PGM-585,Routine Service,2026-08-07
PGM-586,Routine Service,2026-04-08
MR01,Routine Service,2026-05-10
MR02,Routine Service,2025-02-12
MR03,Routine Service,2026-05-13
MR04,Routine Service,2025-01-03
MR05,Routine Service,2025-02-28
MR06,Routine Service,2024-04-04
MR07,Routine Service,2025-03-20
MR08,Routine Service,2025-05-12
MR09,Routine Service,2026-05-10
MR10,Routine Service,2024-10-23
MR11,Routine Service,2025-02-28
MR13,Routine Service,2025-07-09
MR14,Routine Service,2025-02-05
MR16,Routine Service,2024-10-16
MR34,Routine Service,2025-07-09
MR35,Routine Service,2026-04-30
MRHART01,Routine Service,2024-08-07
MR18,Routine Service,2026-02-22
MR19,Routine Service,2026-05-17
MR20,Routine Service,2026-07-15
MR33,Routine Service,2026-02-21
MR888,Routine Service,2026-01-17
MR15,Routine Service,2025-11-24
MR21,Routine Service,2025-11-05
MR22,Routine Service,2025-12-17
MR36,Routine Service,2025-06-10
MR31,Routine Service,2025-08-21
MR29,Routine Service,2025-10-14
MR23,Routine Service,2025-07-16
MR24,Routine Service,2025-11-13
MR25,Routine Service,2025-11-06
MR32,Routine Service,2026-02-03
MR26,Routine Service,2025-04-24
PID01,Routine Service,2025-06-10
PID02,Routine Service,2025-11-10
PID03,Routine Service,2025-11-06
PID05,Routine Service,2025-12-03
PID06,Routine Service,2025-11-10
PID07,Routine Service,2026-01-29
PID08,Routine Service,2025-11-12
PID10,Routine Service,2025-11-06
PID11,Routine Service,2026-01-29
PID12,Routine Service,2026-02-05
PID13,Routine Service,2026-02-03
PID14,Routine Service,2025-11-10
PID15,Routine Service,2026-02-05
AM31,Routine Service,2026-04-14
AM32,Routine Service,2026-01-24
AM33,Routine Service,2026-10-03
AM34,Routine Service,2026-04-14
AM35,Routine Service,2026-04-20
AM36,Routine Service,2026-10-03
AM39,Routine Service,2026-10-03
AM40,Routine Service,2026-07-14
AM41,Routine Service,2026-01-29
AM42,Routine Service,2025-12-18
AM43,Routine Service,2026-04-14
AM44,Routine Service,2026-03-23
AM45,Routine Service,2026-01-31
AM46,Routine Service,2026-10-03
AM47,Routine Service,2026-01-31
AM48,Routine Service,2026-07-14
AM49,Routine Service,2026-03-18
AM50,Routine Service,2026-01-23
AM51,Routine Service,2026-03-18
AM52,Routine Service,2026-04-14
AM53,Routine Service,2026-01-22
MA54,Routine Service,2026-05-20
AM55,Routine Service,2026-10-03
AM63,Routine Service,2025-11-15
AM64,Routine Service,2026-03-16
AM65,Routine Service,2026-01-24
RD042,Routine Service,2026-02-13
RD043,Routine Service,2026-02-13
RD044,Routine Service,2026-02-13
RD045,Routine Service,2026-09-24
RD046,Routine Service,2026-09-24
RD049,Routine Service,2026-09-24
RD050,Routine Service,2026-02-13
RD051,Routine Service,2026-02-13
RD052,Routine Service,2026-09-24
RD056,Routine Service,2026-02-13
RD058,Routine Service,2026-09-24
RD060,Routine Service,2026-09-24
RD063,Routine Service,2026-09-24
RD064,Routine Service,2026-02-13
RD065,Routine Service,2026-09-24
RD066,Routine Service,2026-09-24
RD067,Routine Service,2025-09-20
RD068,Routine Service,2026-02-13
RD069,Routine Service,2026-09-24
RD071,Routine Service,2026-02-13
RD062,Routine Service,2026-10-11
RD040,Routine Service,2026-10-11
RD048,Routine Service,2026-10-11
RD057,Routine Service,2026-10-11
RD041,Routine Service,2026-10-11
RD059,Routine Service,2026-11-10
RD054,Routine Service,2026-10-11
RSM01,Routine Service,2026-09-25
RSM02,Routine Service,2026-11-11
RDRM01,Routine Service,2026-09-25
RDRM02,Routine Service,2026-11-11
RAD001,Routine Service,2026-01-24
RAD002,Routine Service,2026-01-24
RAD003,Routine Service,2026-01-24
RAD004,Routine Service,2026-01-24
RAD005,Routine Service,2026-10-11
RAD006,Routine Service,2026-10-11
RAD007,Routine Service,2026-02-13
RAD008,Routine Service,2026-10-11
RAD009,Routine Service,2024-12-14
RAD010,Routine Service,2026-02-13
RAD011,Routine Service,2026-10-11
RAD012,Routine Service,2026-10-11
RAD013,Routine Service,2024-12-14
RAD014,Routine Service,2024-12-14
RAD015,Routine Service,2024-12-14
RAD023,Routine Service,2026-03-20
RAD024,Routine Service,2026-03-21
RAD025,Routine Service,2026-03-22
RAD026,Routine Service,2026-03-23
RD042,Battery Replacement,2026-02-13
RD043,Battery Replacement,2026-02-13
RD044,Battery Replacement,2026-02-13
RD045,Battery Replacement,2026-09-24
RD046,Battery Replacement,2026-09-24
RD049,Battery Replacement,2026-09-24
RD050,Battery Replacement,2026-02-13
RD051,Battery Replacement,2026-02-13
RD052,Battery Replacement,2026-09-24
RD056,Battery Replacement,2026-02-13
RD058,Battery Replacement,2026-09-24
RD060,Battery Replacement,2026-09-24
RD063,Battery Replacement,2026-09-24
RD064,Battery Replacement,2026-02-13
RD065,Battery Replacement,2026-09-24
RD066,Battery Replacement,2026-09-24
RD067,Battery Replacement,2025-09-20
RD068,Battery Replacement,2026-02-13
RD069,Battery Replacement,2026-09-24
RD071,Battery Replacement,2026-02-13
RD062,Battery Replacement,2026-10-11
RD040,Battery Replacement,2026-10-11
RD048,Battery Replacement,2026-10-11
RD057,Battery Replacement,2026-10-11
RD041,Battery Replacement,2026-10-11
RD059,Battery Replacement,2026-11-10
RD054,Battery Replacement,2026-10-11
